{"CIDEr": 0.1534948312531787, "Bleu_4": 0.09728490747748322, "Bleu_3": 0.15869645543919822, "Bleu_2": 0.2662858610341799, "Bleu_1": 0.4499570660279277, "ROUGE_L": 0.279351071599109, "METEOR": 0.14878080335645008}