{"CIDEr": 0.16819884258188117, "Bleu_4": 0.09569471774752378, "Bleu_3": 0.15721887966651915, "Bleu_2": 0.26610877182066084, "Bleu_1": 0.45718634895043786, "ROUGE_L": 0.2744548180072173, "METEOR": 0.14291188290369913}