{"CIDEr": 0.15595420129046797, "Bleu_4": 0.08625218045685916, "Bleu_3": 0.14355473656352952, "Bleu_2": 0.24659870137740947, "Bleu_1": 0.4295478682364028, "ROUGE_L": 0.2661942469642771, "METEOR": 0.14094668019160728}