{"CIDEr": 0.16487630368286552, "Bleu_4": 0.09345459509175207, "Bleu_3": 0.15488998524309844, "Bleu_2": 0.26341963812689906, "Bleu_1": 0.44911699206710193, "ROUGE_L": 0.275387335224094, "METEOR": 0.14082263830000172}