{
  "CIDEr": 0.17843146064874987,
  "Bleu_4": 0.09298678868308609,
  "Bleu_3": 0.15524202979166132,
  "Bleu_2": 0.26585487955274856,
  "Bleu_1": 0.4554212723177264,
  "ROUGE_L": 0.2740261577734746,
  "METEOR": 0.1420715620204678
}