{
  "CIDEr": 0.16838817783766377,
  "Bleu_4": 0.08962315475763359,
  "Bleu_3": 0.1522990451087921,
  "Bleu_2": 0.2639524495681762,
  "Bleu_1": 0.453223165296348,
  "ROUGE_L": 0.27176609641010985,
  "METEOR": 0.13536630736524116
}