{"CIDEr": 0.15869929983537467, "Bleu_4": 0.09203792356187318, "Bleu_3": 0.15196505935377588, "Bleu_2": 0.2569622584580298, "Bleu_1": 0.43685292928582536, "ROUGE_L": 0.27867852560771655, "METEOR": 0.146665432269731}